Entry Name,Protein names,Gene Names,Organism,Length,Sequence,Mass
A0A126G496_WILSC,30S ribosomal protein S20,rps20,Wildemania schizophylla (Red alga) (Porphyra schizophylla),103,MAKNLSAIKRIKTSERNRIINRKYKSVVKTLTKRFLLNIDNLETSNMNDLQSSISQVYSKIDKAIKKGVFHTNTGARKKARLARAFAYAQKNRINQINNTCLS,11816
A0A126G2A7_WILSC,Uncharacterized protein,orf148,Wildemania schizophylla (Red alga) (Porphyra schizophylla),148,MNNKSLIFLAIKSLDIQNQTSLTSHDFNLDFNIQLSGFITNSSIRSDKDLQTIIVEVLQSISSQSLQSHELANTYRRRFRYYFKKMSFCKYLERSIHDSDTLIDKLGATGLYLLYLIVEKRGLFKLWLYYRNYRFEQLISLIETKNKF,17586
A0A126G1H2_WILSC,ATP synthase subunit beta (EC 7.1.2.2),atpB,Wildemania schizophylla (Red alga) (Porphyra schizophylla),475,MVSKTQSVGSVTQIIGPVLDIAFPNGQLPKVFNALKVQSSEGTITCEVQQLLGDNKVRAVSMSSTEGLQRGVKVIDTEAPISVPVGTNTLGRIFNVLGEPVDNLGPVSSDSTLPIHRSAPAFTKLETKPNIFETGIKVVDLLAPYRRGGKIGLFGGAGVGKTVLIMELINNIAKAHGGVSVFGGVGERTREGNDLYMEMKESKVINADNLQESKVALVYGQMNEPPGARMRVGLTALTMAEYFRDINKQDVLLFIDNIFRFVQAGSEVSALLGRMPSAVGYQPTLATEMGALQERITSTTEGSITSIQAVYVPADDLTDPAPATTFAHLDATTVLSRNLAAKGIYPAVDPLDSTSTMLQPGIVGTEHYSTAQEVKSTLQRYKELQDIIAILGLDELSEEDRQTVSRARKIERFLSQPFFVAEVFTGSPGKYVSLEDAIKGFQMILKGELDDLPEQAFYLVGDINEAIQKADSMKD,51219
A0A126G236_WILSC,thioredoxin-dependent peroxiredoxin (EC 1.11.1.24),bas1,Wildemania schizophylla (Red alga) (Porphyra schizophylla),199,MISGPNCLRVGQAAPDFLATAVYDQEFKTIKLSDLKNKYVVLFFYPLDFTFVCPTEITAFSDKYADFSELNTEVLGVSVDSEYSHLAWLQTDRESGGLGDLSYPLVSDLKKEISIAYNVLNNDGVALRGLFIIDPKGVIQYSTINNLEFGRSVEETLRVLQAIQYVQSHPDEVCPANWKPGDKTMNPDPIKSKNYFATA,22237
A0A126G289_WILSC,50S ribosomal protein L19,rpl19,Wildemania schizophylla (Red alga) (Porphyra schizophylla),123,MKTHNMKLSQLMKSVETPLMKHKLPEIKVGDTVQLGLMVKEGSKNREQLCEGVILSRRRQNSLNTSLTLRCSFQGVGVERVFFLNSPRITFIKVIRRAKVRRAKLYYLRDLLGKAGRLKQIVN,14182
A0A126G4B1_WILSC,Photosystem II CP43 reaction center protein (PSII 43 kDa protein) (Protein CP-43),psbC,Wildemania schizophylla (Red alga) (Porphyra schizophylla),487,MKVSVLGWLLKINLMKTLYSLRRFYHVETPFNTNVGVGGRDIESTGFAWWSGNARLINVSGKLLGAHVAHAGIMVFWTGAMTLFEVAHFVPEKPLYEQGFILIPHLATLGWGVGPGGEIFNTYPYFVVGVVHLISSAVLGFGGLYHSLIGPDTLEESFPFFGYDWRDKNKMTTILGIHLVLLGIGAFLLVIKSLFIGGVYDTWAPGGGDVRFVSNPTLNPLVIFGYVLKSPFGGDGWIVSVNNMEDLVGGHVWIGIICIAGGIWHILTKPFAWARRAFVWSGEAYLSYSLGALSLMGLTASNFVWYNNTAYPSEFYGPTGPEASQAQAFTFLVRDQRLGANVASSQGPTGLGKYLMRSPSGEIIFGGETMRFWDLRAPWVEPLRGPNGLDLNKIKNDIQPWQERRAAEYMTHAPLGSLNSVGGVATEINSVNYVSPRSWLTTSHFFLGFFLFIGHLWHAGRARAAAAGFEKGINRENEPVLSMRPLD,53576
A0A126G208_WILSC,ATP synthase subunit alpha,atpA,Wildemania schizophylla (Red alga) (Porphyra schizophylla),504,MVNIRPDEISSIICQQIEKYDQDIEVANIGTVLQVGDGIARVYGLDEVMAGELLEFEDKTIGVALNLESDNVGVVLMGDGRDILEGSSVKGTGRIAQIPVGDAFLGRVVDPLARPIDDKGEPASNGTRLIESMAPGIIGRQSVCEPMQTGITAIDSMIPIGRGQRELIIGDRQTGKTAVALDTIINQKGQDVVCVYVAIGQKASSVAQVVSSLQDKGALDYTIIVAANADSPATLQYIAPYTGAALAEYFMYKGKATLVIYDDLTKQAQAYRQMSLLLRRPPGREAYPGDVFYLHSRLLERAAKLNTELGGGSMTALPIIETQAGDVSAYIPTNVISITDGQIFLSGDLFNSGIRPAINVGISVSRVGSAAQIKAMKQVAGKLKLELAQFAELEAFSQFASDLDKATQNQLARGQRLREILKQAQNSPIPVEEQTAIIYTGINGYLDDIAVPKVAAFIQELREDLKNSKPEFGENIRTTQKLDTTNEELLKRAIEDVKQGFNKS,54379
A0A126G257_WILSC,Chaperonin GroEL (EC 5.6.1.7) (60 kDa chaperonin) (Chaperonin-60) (Cpn60),groEL groL,Wildemania schizophylla (Red alga) (Porphyra schizophylla),528,MSKQILYQDDARKALEKGMDILTEAVSVTLGPKGRNVVLEKKFGAPQIINDGVTIAKEISLENHIENTGVALIRQAASKTNDVAGDGTTTATVLASAIVKQGMRNVAAGSNPMAIKKGIEKATNFVVNKIAEYAKPVEDTKAIIQVASISSGNDVEVGKMIANAIEKVGREGVISLEEGKSTNTILEITEGMQFDKGFISPYFVTDTDRMEVYQENPFILFTDKKITLVQQELVPLLEQIAKTSRPLLIIAEDIEKEALATIVVNKLRGILNVVAVRAPGFGDRRKSLLEDMSILTNGQVITEDAGLTLETVQLDMLGTARRVIVSKDSTTIIADGHELTVKFRCEQIKRQIETSDSLYEREKLQERLAKLSGGVAVIKVGAATETEMKDKKLRLEDAINATKAAIEEGIVPGGGSTNVHISSELLTWAKQSLAEDELIGALIVERALSYPLRRIAFNAGDNGAVVVEKVKSNYFHMGYNAASGIIVNMYDAGIIDPAKVARSALQNAASIAAMVLTTECIVVDKVNF,57042
A0A126G1U5_WILSC,"Phycocyanin, beta chain",cpcB,Wildemania schizophylla (Red alga) (Porphyra schizophylla),172,MLDAFAKVVAQADARGEFLSNTQLDALSSMVAEGNKRLDVVNKINSNASAIVTNSARALFAEQPQLIQPGGNAYTSRRMAACLRDMEIVLRYVSYAMIAGDSSVLDDRCLNGLRETYQALGTPGSSVSVAVQKMKEASVALANDLTGTPQGDCSALVAELGSYFDRAAVSVV,18171
A0A126G1N0_WILSC,Small ribosomal subunit protein uS14c,rps14,Wildemania schizophylla (Red alga) (Porphyra schizophylla),100,MAKKNMIQREKKRAELEKKYYLKRLAIKESLNASMTFADRMKLRQKLQEMPRNSAAVRGRNRCWLTGRSRGYYRDFGLSRHIFREMSHECLLPGVTKSSW,11970
A0A126G1G2_WILSC,30S ribosomal protein S2,rps2,Wildemania schizophylla (Red alga) (Porphyra schizophylla),241,MPVVTLAELLEAGVHFGHQARRWNPKMFPYIYTERNGIHIIDLVQTAQLLTEACEFIKQASSDGKKVLFLGTKRQAAGIVAQEAQRCDSYYVNQRWLGGMLTNWVTIKSRVSRLRQLEEQDKNGIIDQLPKKEAAVLRRELEKLRKHLNGIKNMTRLPDIVIVVDQKRETTAIQECLKLGIPTICILDTNCSPDIVNIPIPANDDAIRSIKLIIGKIADSIYEGKYGQTEPDEISPLVQVE,27243
A0A126G1F3_WILSC,Uncharacterized protein,orf287,Wildemania schizophylla (Red alga) (Porphyra schizophylla),287,MTTFQLIPYRLYLSQSTTWMHSIKSEIKVYIVAICWISIFVLSCYKLLIIVFSLIMIGISIQNNQIFIKKQLLQTVLMTVVTALFSLSIASSYKSCYQQHQVEYAFSGQQVTHSFKDNKKDIHCADSLQTRKLFLIAKTSVCFFITVYSIKLVMITTSPEILVVALHTNCAINKFVKHELLFIFLLSSHIVTSVVVKLEKITQVTSSRGQLQLYKYLMICMKLSFLISKFFFAEIIRESRDISQALYSRNLNQESNNYLKIYTTQYNSQDVLGLIISTVYFLILLLI,33155
A0A126G1Y1_WILSC,Photosystem II protein D1 (PSII D1 protein) (EC 1.10.3.9) (Photosystem II Q(B) protein),psbA,Wildemania schizophylla (Red alga) (Porphyra schizophylla),360,MTATLQRRESASLWERFCSWITSTENRLYIGWFGVLMIPTLLTATSVFIIAFVAAPPVDIDGIREPVAGSLLYGNNIISGAVIPSSAAIGIHFYPIWEAASLDEWLYNGGPYQLVVLHFLTGVACYIGREWELSYRLGMRPWISVAFTAPVAAAAAVFLVYPIGQGSFSDGMPLGISGTFNFMLVFQAEHNILMHPFHQLGVAGVFGGSLFSAMHGSLVTSSLIRETSENESANYGYKFGQEEETYNIVAAHGYFGRLIFQYASFNNSRSLHFFLGLWPVVGIWLTALSVSTMAFNLNGFNFNQSVVDSQGRVINTWADIINRANLGMEVMHERNAHNFPLDLASGESLPVALTAPAVNG,39444
A0A126G1D3_WILSC,FeS cluster biogenesis domain-containing protein,orf114,Wildemania schizophylla (Red alga) (Porphyra schizophylla),110,MSFIKVTDKAYKQLTTLKSHYINEVYLRIGVKQGGCSGMSYSMTFESTNDFKNTDEILVLENFSVVCDPKSLLYLYGLSLDFSTELIGGGFQFFNPNVSQTCGCGKSFSG,12203
A0A068EYX0_WILSC,Ribosomal protein S12,rps12,Wildemania schizophylla (Red alga) (Porphyra schizophylla),122,MSTLKQKTRYPRKKKVLKRKHPHLNKAPQRKGVCTKVYTINPKKPNSAERKVAKIRLTTGRFIIGYINGEGHNLQEHSVVLVRGGRVQDLPGVRYHIVRGTYDSQSVINRKKGRSKYGTKLN,14001
A0A126G1T1_WILSC,anthranilate synthase (EC 4.1.3.27),trpG,Wildemania schizophylla (Red alga) (Porphyra schizophylla),189,MILIIDNYDSFTYNLAQCVGELGYQVLVCRNDEIDIATIKQLHPQKIIISPGPGRPIDSGISLDIIAVFSKSVPILGVCLGHQSIGYLYGGNIIKVSEIMHGKTSPIYHNNEDLFKNLPNPFIATRYHSLIIDSKTLPTNLDMTAWTKNNTVMGCRDKNNEMLRGIQFHPESLWTSCGKQLLKNFLDLY,21227
A0A068F586_WILSC,Cytochrome c oxidase subunit 3,cox3,Wildemania schizophylla (Red alga) (Porphyra schizophylla),277,MNNTTNQNFSKIAKELQRHPFHLVDPSPWPITAAIAAFSCALGGVMYMHAYNNGGYLLASGFTLLLFTMFTWWRDVTREATFSGHHTGAVQKGLRYGVILFIISEVLFFFAFFWAFFHSSLAPSIDIGSVWPPKGIVVFSPWEVPFLNTIILLLSGCSVTWAHHSIVAGYKRQAIIALIVTVVLATIFTGFQGFEYSVANFKLSDGVYGSTFYMATGFHGFHVFIGTIFLSICLARLIKSHLTQQHHFGFEAAAWYWHFVDVVWLFLFISVYWWGGI,31279
A0A126G4B5_WILSC,Photosystem II CP47 reaction center protein (PSII 47 kDa protein) (Protein CP-47),psi psbB,Wildemania schizophylla (Red alga) (Porphyra schizophylla),509,MGLPWYRVHTVVLNDPGRLIAVHLMHTALVAGWAGSMALYELAVFDPSDPVLNPMWRQGMFVMPFMARLGVTDSWGGWSITGESVSNPGLWSFEGVALTHIVLSGMLFLAAIWHWVYWDLELFRDPRTGEPALDLPKFWYSFITIKSTLLWVWRFPCHWIVRPGMWVSDGYGVTGKVLPVAPAWGPEGFNPFNPGGVASHHIAAGTVGILAGVFHLTVRPPQRLYRALRMGNIETVLSSSISAVFFSAFVTCGTMWYGSATTPIELFGPTRYQWDSGYFQQEIEKRVENAIADGAAPSEAWSRIPDKLAFYDYIGNNPAKGGLFRAGPMNKGDGVAEAWLGHPVFQDKEGSRELSVRRMPAFFETFPVILVDKDGIIRADIPFRRAESKYSIEQVGVTASFYGGKLNGQIFNDAPSVKKYARKAQLGEVFEFDRTTLESDGVFRSSPRGWFTFGHANFALIFFFGHLWHGSRTIFRDVFAGIGAEVTEQVEFGAFQKLGDRSSKKQGAV,56720
A0A126G1Y7_WILSC,PSI subunit V,psaL,Wildemania schizophylla (Red alga) (Porphyra schizophylla),152,MAEFIKPYNDDPFVGNLSTPVSTSTFSKGLLGNLPAYRRGLSPLLRGLEIGMAHGYFLIGPFDKLGHYGNRCSFAGGFSIFSWANYYSNNLSIYVWKCVFSRSDSKDPLQTSEGWGQFTAGFLVGAVGGSGFAYLLLANIPVLQTAGLSLFP,16469
A0A126G1Q3_WILSC,"Large ribosomal subunit protein uL11m (50S ribosomal protein L11, chloroplastic)",rpl11,Wildemania schizophylla (Red alga) (Porphyra schizophylla),141,MAKKITGIVKLALNAGKATPAPPVGPALGQHGVNIVMFCKEYNARTSDKLGLVIPVEISVYEDRSFTFILKTPPASVLIAKAAGLNKGSGEPNTNKIGSITIKQLETIAETKIPDLNTNNLSQAMKIVGGTAKNMGILIKD,14826
A0A126G1W4_WILSC,Iron-sulfur cluster formation ABC transporter ATP-binding subunit,sufC,Wildemania schizophylla (Red alga) (Porphyra schizophylla),178,MEPDERARAGIFLAFQYPVEIPGVSNADFLRIALNARRKFQGLIEFSPLEFFQLITDKIKLVGMKESFLNRNVNEGFSGGEKKRNEILQMALLESELSILDETDSGLDIDALKVVAKGISTLAKATNSIVLITHYQRLLDYITPDFVHIMSEGIIVKTGGVTLAQELEKYGYNEVQQI,19954
A0A126G2B4_WILSC,Tic20 family protein Ycf60,orf203,Wildemania schizophylla (Red alga) (Porphyra schizophylla),204,MSNKYVESFITILPLVLSKLALQRAYKYIKLNKKIINNTESKTRLSIRLVSTIPYYLPLFEGLQNFGQYVLPDYPVAAIPLYKKVLLPMLIFYMNHAILGLVTFFALYYVLVRNKSPIPVHQLVRFNSMQSILLFLVGSLFGAIFRAFPIEFRISFIGLMVCNMMFWFVLSTISYSIVKAVQGKYSNIPVISEAVRIQISGYST,23418
A0A126G219_WILSC,Mg-protoporphyrin IX chelatase (EC 6.6.1.1),chlI,Wildemania schizophylla (Red alga) (Porphyra schizophylla),361,MITKLVNLSIKENKETIRPVFPFTAIVGQEEMKLALILNVIDPKIGGVMIMGDRGTGKSTTIRAIADLLPKIEIIQDDLFNSHPSDVDLMSDENKQAIQDGVSVITSYIKVPMVDLPLGATEDRVCGTIDIEKALTEGVKTFEPGLLAKANRGILYVDEVNLLDDHLVDILLDSAASGWNTVEREGISVRHPARFVLVGSGNPEEGELRPQLLDRFGMHAEIRTVKDPELRVQIVEQRTNFDQDPQQCVESYKDNQVTLKQKIAEAQLLLSQITIDYDLRIKISQVCGELDVDGLRGDIVTNRAAKAYASFNGRQTVNSSDISKVITLCLRHRLRKDPLETMDSGDKVRKIFTKVFLNEEI,40219
A0A126G1R7_WILSC,30S ribosomal protein S10,rps10,Wildemania schizophylla (Red alga) (Porphyra schizophylla),105,MTATQPTKIRIKLKAYSSSILNTSCDKIVDTASRTNAVAVGPIPLPTKRRIYCVLRSPHVDKDSREHFEIRSHRRIIDIHQPSSQTIDALMKLNLPSGVDIEVKL,11804
E7BUQ7_WILSC,Ribulose bisphosphate carboxylase large chain (EC 4.1.1.39),rbcL,Wildemania schizophylla (Red alga) (Porphyra schizophylla),476,SERYESGVIPYAKMGYWDADYVIKETDILALFRITPQPGVDPIEASAAIAGESSTATWTVVWTDLLTACDLYRAKAYRVDPVPNVADQYFAYIAYDIDLFEEGSIANLTASIIGNVFGFKAVKALRLEDMRMPIAYLKTFQGPATGLIVERERMDKFGRPFLGATVKPKLGLSGKNYGRVVYEGLKGGLDFLKDDENINSQPFMRWRERFLYSMEGVNKASASAGEIKGHYLNVTAATMEDMYERAEFSKDVGSIICMIDLVIGYTAIQSMAIWARKHDMILHLHRAGNSTYSRQKNHGMNFRVICKWMRMAGVDHIHAGTVVGKLEGDPLMIKGFYNTLLESDTEINLPQGLFFAQNWASLRKVVPVASGGIHAGQMHQLLDYLGDDVVLQFGGGTIGHPDGIQAGATANRVALESMVMARNEGRNYVAEGPQILRDAAKTCGPLQTALDLWKDISFNYTSTDTADFVETPTANV,52656
A0A126G1Z3_WILSC,Cytochrome C biogenesis protein transmembrane domain-containing protein,orf240,Wildemania schizophylla (Red alga) (Porphyra schizophylla),239,MKIDLLIYNTQHLINSVTLYQLNHMNATSFSFIFIAGLFTSLSPCVLSILPVCILFISGENQKLSQANKITNLFLFCLGIISSFIALGIITTLMAKTYSKFFSGIPVISSLVIIYMGFNLLNLVPVSTLNISTKHHNGNYNIKMYLSGLGIGLAISSCTTPIFVTLLVWISSTQKIFTGLVFILVYSIGYIFPIVIGSIFSSQVFVINSFWTNLWTPFTGTLLLSTGTFSLFSNIFTRL,26438
A0A126G1J1_WILSC,Probable magnesium-protoporphyrin IX monomethyl ester [oxidative] cyclase (Mg-protoporphyrin IX monomethyl ester oxidative cyclase) (EC 1.14.13.81),ycf59 acsF,Wildemania schizophylla (Red alga) (Porphyra schizophylla),349,MQTTINNRPKSSEETLLTPRFYTTDFEEMANMDISANEQDFFAILEEFRADYNSQHFIRDEEFNQSWSNIEDKTKSLFIEFLERSCTAEFSGFLLYKELSRKLKDRNPIIAECFLLMSRDEARHAGFLNKAIGDFNLSLDLGFLTKSRKYTFFSPKFIFYATYLSEKIGYWRYITIYRHLEQHPEHRIYPIFRFFENWCQDENRHGDFFAALLKSQPHFLNDWKAKMWCRFFLLSVFATMYLNDFQRIDFYNAIGLDSRQYDMQVIRKTNESASRVFPVALDVDNPKFFQYLDNCACDNRALIDIDKSSTSTIVKPFLKIPLYCSLINHLLKIYLIKPIDSQAVWNTVR,41616
A0A126G1U3_WILSC,Hypothetical chloroplast RF22,ycf22,Wildemania schizophylla (Red alga) (Porphyra schizophylla),207,MKTQYNTRKEILGACFLGIVTLFSIGGWHAINKTSKYKSYKAFIEFDSAYGVQKGTSVRLRGLPIGIVTGISQSSDSILTSIEVRSSVTIIPRASLIETNQTGLLNDTIIDIIPLKKLGTQYSLSKYGPLSKNCDNSQIICHLSYLKGERGLNYDDLIRATTRISQRFDDPKLFYSLYYLLGNLIKLSTSFADFTEEMAYISRSIKL,23179
A0A068EZY7_WILSC,NADH dehydrogenase subunit 2,nad2,Wildemania schizophylla (Red alga) (Porphyra schizophylla),494,MLFISSYDFYVLLTEIYILSTSCILLIYGVLLSTSTKRGTPVLDRNVGCLSVQILLISLWLTTCSSMPYIISWKNFLSHDFLSFGIKSAIIFSAFLWSLSVFSYNKSEKVNFYEYWIVCMFAIAAMLLISSAYDFLVMYLAIEFQSIAFMCLQALREPLNFYRSRAKIFCLGAFSSALLLLGISLLYGLTGLTNFGDLSKFFLGITVENSVFLNTAILSIVLIEVALFFKISAAPFHMWAPDVYEGAPTNVTSFFGILPKIALITLIFRIFFFCFSEITYLLNFTLILCAFLSMLIGTFGALAQSKWKRFIAYSTISHVGFVIAGFSTLEFTGVFGSLFYTLVYALTSIILFSIVLSFRGILYPTTYQLRYLKDVASLVKINPVLSASLMLILFSMAGIPPFPGFFSKAFILLALLQEKLTGLAIIAIILSCVSCFYYIRLIQTMYFMNAKTIIVFQPLEKEKSIALSVSLLFLLLVFFKIDLISNFVHCMLFL,55687
A0A126G272_WILSC,50S ribosomal protein L23,rpl23,Wildemania schizophylla (Red alga) (Porphyra schizophylla),110,MHYLKYKRYIMDSINSRHLLDLVKYPIITDKTTKLLEENQYCFAVDPKATKPNIKAAIQYIFNVQVTGVNTCHPPKNKRSIGRFVGKRPHYKKATVTLASEDSINLFPET,12729
A0A126G1P1_WILSC,Acetylglutamate kinase (EC 2.7.2.8) (N-acetyl-L-glutamate 5-phosphotransferase) (NAG kinase) (NAGK),argB,Wildemania schizophylla (Red alga) (Porphyra schizophylla),284,MLTNAERVKVLSEALPYIQKFSSRIIVIKYGGAAMTNQKLKDQVISDLVFLSFIGLHPILVHGGGPEINLWLNRLNIVPTFESGVRITDQSTMDIVEMVLVGRVNKDLVASINKQGGKSVGLSGKDGLLITPRPSGKANLGFVGEVQNVDTKLLEMLISNSYIPVIASVAADQHGQSYNINADTVAGEIAAALNAEKLILLTDTAGILKNALDPSTLISHLNIQEARDLMQTSVISGGMIPKVNCCIRSLAQGVASAHILDGRIAHALLLEILTDQGIGSMMIV,30297
A0A126G493_WILSC,ATP synthase CF1 delta subunit,atpD,Wildemania schizophylla (Red alga) (Porphyra schizophylla),186,MSSNNVAIKIAQPYAIALLELANTKKITEQVNQDIQLIQDVLLKSEKLKNFLANPLNTVEAKKKIIVATFDNQISENTVSFLMILVDRKRVSMLDVIASTYLALACKMESLTIANISTAIALNSDQENLLIKKIKVMTNAKEVKIVVSVDPALIGGLTIQIGSKVIDTSIRGQLRQMSSHLDVSAA,20320
A0A126G4A9_WILSC,"Large ribosomal subunit protein uL24c (50S ribosomal protein L24, chloroplastic)",rpl24,Wildemania schizophylla (Red alga) (Porphyra schizophylla),116,MGNSDSKNRTNKTIKFRKGDVVQVISGSDKTKTGEVLAIINKTSKVIVKGINLKIKHNKPQQEGEVGKITKFEAPIHSSNIMLFSEQNNISSRFSVVINDKGQKIRQLKKTGEFIK,12940
A0A126G1C6_WILSC,"Large ribosomal subunit protein bL21m (50S ribosomal protein L21, chloroplastic)",rpl21,Wildemania schizophylla (Red alga) (Porphyra schizophylla),110,MTYAIIEASGKQLWVEEGRYYDLNHIDVSPGQSIIFGKVLLLNKDGQVMLGHPCIESVTIKATVMRHLRGKKITVFKMKRKKKMRLKKGHRQELTRLMIDSIIPEKTVVK,12690
A0A126G279_WILSC,ABC-2 type transporter,ycf38,Wildemania schizophylla (Red alga) (Porphyra schizophylla),292,MTFIFPVQTDLKPILKFEATRVFSYSIIQEIQALVKRLFLQVWRRPATLMAGIIQPLLWLVLFGGLFYNTPVNLFTINTTYNCFLSSGIIIFTSFTGALNSGLPLMFDREFGFLNRLLTAPLISRSSIIFSSAVFMTCISLIQVIFIVIASLFMGNSSLPLNATLIFCVIILLITVGVTMLSLALAFTLPGHIELLALILVVNLPFLFSSTALAPLYFMPPWLQLIASLNPLSYAIEGVRYLYYSSVNWNFTESVIRISWGEISLGQIIILLVILDLIGAYIVSNILKAKLN,32596
A0A126G456_WILSC,Uncharacterized protein,orf450,Wildemania schizophylla (Red alga) (Porphyra schizophylla),447,MNLAQDVTQAASLNTSNNFYCNVKFGSPIDTQSYSLSHSTVLQPDRILAFGLPSSNFVSARIRSSFQESIVISAVNDGNIFADATNNWIKKYKDKNHKSLFYKEIFKALLFQRIDVVAGSQVLASKSFPSQKYIWYKKRVPLNIVSRVKNKNFNSISSASKGLLMGHLSASPVFVVKNGFNEIILGHSLSRIKSRGLDQVSSSFLKILQDSSSARVLSHGLFFFHPDDASEFQNFVKLKNPVASRYMDIKVEPVGLNFAYKMSRSLIQNTRFLLIPDFKEVGDLVMKYQNDKRLVFHEKQYYGKDFFQGQPIYMIQPISIKTSNGEWQTIKFTGLNDDRKVIFTTLEAANHFWTTSVKSIPTLKSIKKPNLLVYNLESFLQEQEQLNNTSLENFVLITNKKAYQTTTELVNTHHSNHLYKRLKLSTKPRLFFIELWVKRLVSTLANT,51096
A0A068F130_WILSC,Reverse transcriptase domain-containing protein,orf546,Wildemania schizophylla (Red alga) (Porphyra schizophylla),304,MEKLISKRGVYIVRYADDFLVLCNEENELLKARQKIEVFLAYMGLELSKEKTKITYTAYLPPKENNGIDFLGFNFVNYKVGIHKSAKDSHGNLTGWMCRNQPSIKSVNKHLDNIKNITKMTSGLSQKVLISKLAPVIIGWTRYFAVCNATKTFSFCSMRTFYLLKKWSQKKNRSGVGESKHWIQTDSANWVFGLTEEDKIIKLNRHDQTNIIVSTKVYQDSSPYDGRVIYWAKRLSSNNKYGQLLRTLLKIKGPKCSMCKIYFNDSDRIEIDHITPRKQGGTSYWVNLRLLHGHCHDTHHSKKE,35212
A0A126G442_WILSC,Acetyl-coenzyme A carboxylase carboxyl transferase subunit beta (ACCase subunit beta) (Acetyl-CoA carboxylase carboxyltransferase subunit beta) (EC 2.1.3.15),accD,Wildemania schizophylla (Red alga) (Porphyra schizophylla),288,MSLYNWSSKKENPKAHTIKNTKHITIPDGLWVKCFDCGLLMYSKVLKRNLKVCPQCSYHFQTSSNERIEQLIDEGSWQPMDAHLISTDPLGFKDQKLYSQRLKDTARKTGLQDAVQTGLGKMHGHKICLGIMDFRFMGGSMGSVVGEKLTRLLEKATQEKLPAIILCASGGARMQEGMLSLMQMAKISSALEMHKKKNLLYLSVLTSPTTGGVTASFAMLGDLIIAEPKALIAFAGRRVIEQTIKEDLPENFQSSEYLFEHGFLDLIVPRTQLRSKLIQILSLHTSNK,32233
A0A068EYX7_WILSC,NADH dehydrogenase subunit 4L,nad4L,Wildemania schizophylla (Red alga) (Porphyra schizophylla),101,MITQLYCENYTFLLFMIGVLGIFLNQKSIIIIIMSLEIMFLSVSFNFIFFSIYLDNLVGQLFALAILTVAASESSIGLAILVVYYRIRNTITIELMTLTKG,11447
A0A126G1A1_WILSC,Light-independent protochlorophyllide reductase iron-sulfur ATP-binding protein (DPOR subunit L) (LI-POR subunit L) (EC 1.3.7.7),chlL,Wildemania schizophylla (Red alga) (Porphyra schizophylla),290,MKLAVYGKGGIGKSTTSCNISVALSKRGKKVLQIGCDPKHDSTFTLTGFLIPTIIDTLQAKDYHYEDVWPEDVIYKGYGGVDCVEAGGPPAGAGCGGYVVGETVKLLKELNAFDEYDIILFDVLGDVVCGGFAAPLNYADYCLIITDNGFDALFAANRIAASVREKARTHSLRLAGLVGNRTDKRDLIDKYIDCVPMPVLEVLPLIEDIRVSRVKGKTLFEMAENDKDLAYVCDYYLNIADQLIARPEGVVPKESPDRELFSLLSDFYLNPKSNIVKSAADEEELDLMMV,31767
A0A126G1Y0_WILSC,Allophycocyanin beta chain,apcB,Wildemania schizophylla (Red alga) (Porphyra schizophylla),161,MQDAITSVINAADVQGKYLDDSSVEKLRGYFQTGELRVRAAATIAANAATIIKESVAKSLLYSDITRPGGNMYTTRRYAACIRDLDYYLRYATYGMLAGDPSILEERVLNGLKETYNSLGVPIGATIQAILAMKEVTISLVGPDAGKEMGLYFDYICSGLS,17484
A0A126G478_WILSC,Secreted protein,orf320,Wildemania schizophylla (Red alga) (Porphyra schizophylla),180,MLIQVLIVQLLFGSSLTIRKTFNLFATNIPTKQVEIFLENCLIQLSNIIAHVLIQNFSTVNETNTSYICNVKFLSDRKLEKLKNNLVWHTLLTSYVERPRAIYESRYKVWGFYQEGLNCRYIYACRSAELYTLSSAQVLITFLLETQDFFIPKIKSTVFLLANSYFVQGKNYLIKLWQHF,21143
A0A126G1I2_WILSC,Pyruvate dehydrogenase E1 component subunit alpha (EC 1.2.4.1),odpA,Wildemania schizophylla (Red alga) (Porphyra schizophylla),344,MSYPKKVQLPLTDYNSNDLNKKDLLVLYKDMVLGRSFEDTCAQMYYKGKMFGFVHLYNGQEAVSTGVIKLLNSTDYVCSTYRDHVHALSKGVPSKNIMAELFGKETGCSKGRGAQCIFFSAPHNFLGGFAFIAEGIPVATGAAFQSIYKQQVLKQPEELRVTACFFGDGTTNNGQFFECLNMAVLWKLPIIFVVENNQWAIGMAHHRSSSIPEIHKKAEAFGLPGIEVDGMDVLAVRQAAQKAILRARQGQGPTLIEALTYRFRGHSLADPDELRSRQEKEAWIARDPIKKLENYMLRESIAELSELNDIQTAVKKELERSVEFAIASPEPKISQLKRHLFADQ,38576
A0A068EY58_WILSC,succinate dehydrogenase (EC 1.3.5.1),sdh2,Wildemania schizophylla (Red alga) (Porphyra schizophylla),249,MKLLKKISFQTRQAINSTDLKFIRVYRWSPSHQEKPYFSVYPVDQKSCGPMVLDALIKIKDEQDSCIAFRRSCREGICGSCSMNINGINTLACLHPLKTNFNTITIYPLPHMYILKDLVPDLSNFYAQYKYIKPWLINRTQQKKEHLQSEKDRAELNGIYECILCACCSASCPSYWWNNDKYLGPAILLQAYRWLADSRDADTGNRLQLLKGKSKLFKCHTIMNCSRTCPKSLNPGKAIASIKHNINNK,28669
A0A126G497_WILSC,"Small ribosomal subunit protein uS3c (30S ribosomal protein S3, chloroplastic)",rps3,Wildemania schizophylla (Red alga) (Porphyra schizophylla),230,MGQKIHPLGFRIGITQKHRSSWFANSKEYQVLLQEDHAIRLFINTKLSSASIAKIEINRKVDQIEVLIATARPGIVLGKSGAGIESLRKSLASILDSSKQIRVNVVEILDPDSEATLIAEFITQQLEKRVAFRRAVRQAVQRAQRANTQGVKIQVSGRLNGAEIARSEWVREGRVPLQTLRADIDYCHRQAHTTYGVLGVKVWLFKGEILPESRNVEVVSDQETPNPQSS,25741
A0A126G2Y6_WILSC,Cytochrome f,petA,Wildemania schizophylla (Red alga) (Porphyra schizophylla),320,MKLHSLINLIQKSIYSCTLLLIILNIICIAPNSSNAFPIYAQQAYDSPREATGRIVCANCHLAQKPVEIEAPQAVLPNTVFETIVKIPYDSNVKQVLGNGSKGGLNVGAVVILPEGFKLAPSNRLSMELKEKTKNLYIQAYSTKQDNILVIGPIPGDKNREIVFPILSPDPAKDKKAHFFKYPIYVGGNRGRGQIYPTGDKSNNNIVVALSSGKVSKIDTLEKGGFVVHITTNKGVDLTQNVTTGLELKVHEGDNVQADQALNFDPNVGGFGQNEAEIVLQSPNRIQGMIAFFFASVLAQIFFVLKKKQFEKVQAAEMNF,35014
A0A126G325_WILSC,tRNA(Ile)-lysidine synthase (EC 6.3.4.19) (tRNA(Ile)-2-lysyl-cytidine synthase) (tRNA(Ile)-lysidine synthetase),orf327 tilS,Wildemania schizophylla (Red alga) (Porphyra schizophylla),324,MVSNSLLHTRFFSTVDTKHLLPANSSLLVAFSGGQDSLTLVKILYDFKRSRNWRISLIHFDHRWRTDSMSASEAVFTYAKSCSFPLYYFECPIYLKSEEESRKWRYMTLLQTACSNGFNKVLLAHTSTDRAETLLNNLFRGSGLDGLSSIAWSSKITTSVDLVRPLLNFCRSETGWFCRKYCLPVWVDHSNYNYSVSRNRLRQELIPYVKSYFQPNFEEKCSVLSSLITLDADFLEQESLRIYSYIQHKDLVAINLSVLQLLHPSIQTRILKLFLLSNLNLNPNAKQINDMMIFIRQSILTNINIRNFILGNDGTWLYAGVIKI,37507
A0A126G486_WILSC,Prenyl transferase,preA,Wildemania schizophylla (Red alga) (Porphyra schizophylla),322,MATSSFFYPVQQELRSLEHNLKAVAGTRHPILYAAAKHLFEAGGKRFRPALIFLVAKATAEDQEINTGQRRLAEITEIIHTASLVHDDIIDECKTRRGVITVHNVFTTKIAVLAGDFLFAQSSWYLANIGNLAVVKAMSKVITDFAEGEIRQGLVHFDPSVSIDAYIEKSFYKTASLIAAGCRGAAMLNGASNQTNNNLYLYGKHMGLAFQVMDDVLDVTGSTKSLGKPAGSDLSNGNLTSPVLFALTRETELNYLIQREFCSDMDISKALFLIKRSGGLTKAQDLAKEQVQAALYCLHFLPRSTSVSSLRELTHFIITRLS,35394
A0A126G1J0_WILSC,Beta-ketoacyl-[acyl-carrier-protein] synthase III (Beta-ketoacyl-ACP synthase III) (KAS III) (EC 2.3.1.180) (3-oxoacyl-[acyl-carrier-protein] synthase 3) (3-oxoacyl-[acyl-carrier-protein] synthase III),fabH,Wildemania schizophylla (Red alga) (Porphyra schizophylla),325,MGVHILSTGSSVPNFSVENHYFEDMIETSDHWISTRTGIKKRHLAPSSHSLTQLAAEASNNALSAANIKPADIDLIILATSTPDDLFGSASQLQAEIGATSSLAFDITAACSGFIVALVTAAQFVQTGSYDNILVVGADTMSRWINWSDRSTCILFGDGAGAVVVGKSAKNSILGFKLCTDGQLNSHLQLMNVPLEAQQFGVTEIPQGHYNSITMNGKEVYKFAVFQVPSVIKECLNNVNISIDEVDWFILHQANTRILEAIANRLSIPFSKMITNLEHYGNTSAASIPLALDEANRSDKIQPGQIIVLAGFGAGLTWGAIVLKW,34940
A0A126G222_WILSC,50S ribosomal protein L6,rpl6,Wildemania schizophylla (Red alga) (Porphyra schizophylla),180,MSRIGKKIILLPTNLSTQLDGQTIKVKGPKGTLSRTLPVGIELEISNNTIAVKTSGNTKTASQIHGLSRTLISNMVEGVSNGFSKKLQIQGVGYRSQIDNKDLILSVGYSHVVKIKPPEDVEIKVDNNTNITVLGIDKELVGQVASTIRSVRPPEPYKGKGIRYLGEVVIRKAGKAGKGK,19356
