Sequence,Length,A,biopeptide_num,,SD,SD
MLDAFAKVVAQADARGEFLSNTQLDALSSMVAEGNKRLDVVNKINSNASAIVTNSARALFAEQPQLIQPGGNAYTSRRMAACLRDMEIVLRYVSYAMIAGDSSVLDDRCLNGLRETYQALGTPGSSVSVAVQKMKEASVALANDLTGTPQGDCSALVAELGSYFDRAAVSVV,172,0.0465,8,,131.6417231,
STNHKDIGTLYLIFGAFSGILGACASILIRMELAQPGNQLLLGNHQIYNVLITEHAFLMIFFMVMPVLIGGFGNWFVPIMIGAPDMAFPRLNNISFWLLPPSLCLLLGSAMVEVGAGTGWTLYPPLSSIQSHSGGAVDLAIFSLHLSGASSILGAINFITTIFNMRNPGQSMYRIPLFVWSILITAFLLLLAVPVLAGAITMLLTDRNFNTTFFDPSGGGDPVLYQHLFWFFGHPEV,237,0.0717,17,,,
MKIQLNLRFNRKDIRWYLLRLLSNLQFSIILLLLIAIFSIIGTIIEQNKDIAFYQTHYTLSNRYFNILNWKNIELLGLNHVYTTWWFLTLLFVFSLSLFTCSISRQIPSLQNARRWHFYKNPNQFKKFTGSQEIKTTQLNLLTSCLQNYNYHIFQQGKSIYSYKGLLGRLAPIFVHGSIILLLAGSVLGWVSGFNAQEMVPAGELFRLQNIITSGKFSYIPQEFSARVNDFKIEYNKDNSISQFFSDISILNPEGKELKRSTIYVNEPLQFQGLTIYQTDWDIIAIRFKINNDSIIQIPLKEVLLPNNNKIWIGVLAQEQDDQLSIVLSDLQRKAAIYNRDGENIMSINIGDSYIINNSTITFLNIIASTGLQIKSDPGIPLIYTSFFFLITSVSASYISYSQIWITEKSNCYYLGGVTNRAQLIFEEELLKISKMSSKV,440,0.0886,39,,,
MQITIKKLQDLLSSVQRKKIQTFKLKQDDFELLLNKTYKKTNPEILNLQNSVLQHNQATIIKSTPNTNNPSVSNNDVTEYATIVSPMVGTFYHSPAPGEKIFVQVGDEVKFNQTVCIIEAMKLMNEIEAEIEGKIIEILVKDGDIVDCGQALMKVET,157,0.0446,7,,,
MANRKKQSKGKDKDSGWEERVVQVKRVTKVVKGGKKLSFRVILIVGNEQGQVGVGVGKASDVIGAVKKGVTDAKKHLVTVPLTKSNSIPHPINGISGAAKVILRPSAPGSGVIAGGSVRTVLELSGVQNILAKQLGSNNTLNNARAVLNGLTQLRTFSEAAKDRGVSIETLYST,174,0.0517,9,,,
MYQNSLIDFNPYTSLSAVEVGKHLYWKIGSLQLHGQVFIVSWLVIATLLTISFLGTRNLQRIPEKFQNFMEFILEFLQDIAKNQIGEHEYRPWVPYIATLFLFILGCNWAGALIPWKLIQLPEGELAAPTNDINTTVALSLLTSLAYFYAGLSKKGLGYFARYIQPTPVLLPINILEDFTKPLSLSFRLFGNVLADELVVSVFTLLIPILIPLPVMILGLFASSIQALIFSTLSAAYIGEAMEGHGEE,248,0.0927,23,,,
MSLEIMQNSLVNFAFGGLLTAMLVYWSSLAFPGIFGLNKLASFIALLVNIALALTLSSRWFANGYFPLSNLYESLLFLAWGLTFVHLFIESKTKSRLIGAIAIPVAMFVTAFASLVLPVEMQKASPLVPALKSNWLMMHVSIMMLSYSILILGSLLSILFLIITKGKDINLKGSSVGTGSYKLKNSDTASTLIFSSQSGIIQEQSNMLINSTRMNLLESIDNLSYRTIGLGFPLLTIGIIAGAVWANEAWGSYWSWDPKETWALITWLIFAAYLHSRITKSWQGKKPAILASLGFLVVWICYLGVNFLGKGLHSYGWLA,319,0.094,30,,,
MKKIEAIIRPFKLNEVKLALVKEGIGGMTVVKVSGFGRQKGQTERYKGSEYSIDIIDKIKIEIIINDDKVDKITETIIKASKTGEIGDGKIFISSVEKVIRIRTNDLDSEAL,112,0.0625,7,,,
MTKITSLFNVKFTFLHIAVFIIIICYHNIYIFTEESVLLFCFIAWLNITWNYISPQINEFLEGRRNKINSTFQYVTNNNITTWKKYRQGYSLKAAHVKVLNSIIPYLMQLIKTLIFLESKSSTLQSITPYLKRLQIVKDLESKLTKISYATTCQRIKDMAVIRNFYSNQLKIKSFHSESKLDFLERVRKLKIGY,194,0.1031,20,,,
MSTLQQKIKRLRKSKSQKIKTPALNGAPHKKGVCTKIYTTNPKKPNSAERKVAKIRLSTGRFVIGYIGGEGHNLQEHSVVLIRGGRVKDLPGVRYHIVRGTYDLQAVTKRQNGRSKYGKKMPASK,125,0.072,9,,,
MARIAGVDLPRNKRIEIALTYIYGIGLSRSKEILKKTNIDADIKCQDLNDQQVVSIREILESSYQIEGDLKRFESMSIKRLMEISTYRGRRHRLGLPLRGQRTRTNARTRRGGKKTVAGKKKAPRK,126,0.0714,9,,,
MTIAIGQEKTRGGFDLVDDWLKRDRFVFVGWSGLLLFPCAYLAVGGWLTGTTFVTSWYTHGLASSYLEGCNFLTAAVSTPANSMGHSLLFLWGPEAQGDFTRWCQIGGLWAFIALHGSFGLIGFCLRQFEIARLVGLRPYNAIAFSGPIAVFVSVFLMYPLGQASWFFAPSLGVAAIFRFLLFLQGFHNWTLNPFHMMGVAGILGGALLCAIHGATVQNTLFEDGDAADTFRAFTPTQSEETYSMVTANRFWSQIFGVAFSNKRWLHFFMLFVPVTGLWTSAFGIVGLALNLRAYDFVSQELRAAEDPEFETFYTKNILLNEGIRSWMAAQDQPHENFIFPEEVLPRGNAL,351,0.0912,32,,,
MSITKNVKETKAVGKYIRLSPHKVRRVLDQIRGRKYQEALIILEFMPYRVCSYIKQILESAAANAEHNDGLNKSQLFISKAFADKGPTLKRFQPRAQGRAFPIHKPTCHITLCVSEL,117,0.0598,7,,,
MTLNIRIIAPDRTVWDAEAQEIILPSSTGQLGILTGHAPLLTALDIGVMRVRVDKEWMPIVLMGGFAEIENNQLTILVNGAEEATQIDLSEAEKNLETATQLLSDASSNKEKIEATQKIRKARARVQAATAAIV,134,0.0224,3,,,
MAKKVTGIVKLALNAGKATPAPPVGPALGQHGVNIVMFCKEYNARTADKSGLVIPVEISIYEDRSFTFILKTPPASVLIAKAAGLNKGSGEPNTKKVGSITYKQLESIAETKLPDLNTNNVPQAMKIVGGTAKNMGILIKD,141,0.0496,7,,,
MKTLYSLRRFYHVETPFNTNVGVGGRDIESTGFAWWSGNARLINVSGKLLGAHVAHAGIMVFWTGAMTLFEVAHFVPEKPLYEQGFILIPHLATLGWGVGPGGEIFNTYPYFVVGVVHLISSAVLGFGGLYHSLIGPDTLEESFPFFGYDWRDKNKMTTILGIHLVLLGIGAFLLVIKALFIGGVYDTWAPGGGDVRFVSNPTLNPLVIFGYVLKSPFGGDGWIVSVNNMEDLVGGHVWIGIICIAGGIWHILTKPFAWARRAFVWSGEAYLSYSLGALSIMGLTASNFVWYNNTAYPSEFYGPTGPEASQAQAFTFLVRDQRLGANVASSQGPTGLGKYLMRSPSGEIIFGGETMRFWDLRAPWVEPLRGPNGLDLNKIKNDIQPWQERRAAEYMTHAPLGSLNSVGGVATEINSVNYVSPRSWLTTSHFFLGFFLFIGHLWHAGRARAAAAGFEKGINRENEPVLSMRPLD,473,0.093,44,,,
MKKQNLVSFPDNLEAMRKFSETYAKRTGTFFCVDSSVTAVVIEGLARHKDQYGAPLCPCRHYEDKKAEISATYWNCPCVPMRERRECHCMLFLTPDNEFASDVQEIDKITLTEQIS,116,0.069,8,,,
MSKQILYQDDARKALEKGMDILTEAVSVTLGPKGRNVVLEKKFGAPQIINDGVTIAKEISLENHIENTGVALIRQAASKTNDVAGDGTTTATVLASAIVKQGMRNVAAGSNPMAIKKGIEKATNFVVSKIAEYAKPVEDKKAIIQVASLSSGNDIEVGKMIANAIDKVGREGVISLEEGKSTNTVLEITEGMQFEKGFISPYFVTDTERMEVLQENPFILFTDKKITLVQQELVPLLEQIAKTSRPLLIIAEDIEKEALATIVVNKLRGILNVVAVRAPGFGDRRKSLLEDMSILTNGQVITEDAGLSLDTVQLDMLGKARRVIITKDSTTIIADGHEVKVKSRCEQIKRQIEISDSLYEREKLQERLAKLSGGVAVIKVGAATETEMKDKKLRLEDAINATKAAIEEGIVPGGGATNVHISSELFTWAKNNLVEDELIGALIVERAVTYPLRRIAFNAGDNAAVVVEKVKSNDFHIGYDAANGTIVNMYDAGIIDPAKVARSALQNAASIAAMVLTTECIVVDKAND,528,0.036,19,,,
MQTTISNGETSSKETLLTPRFYTTDFEEMANMDISENQQDFFAILEEFRADYNSEHFIRDEEFNQSWSSLEDKTKSLFIEFLERSCTAEFSGFLLYKELSRKLKDSNPIIAECFLLMSRDEARHAGFLNKAIGDFNLSLDLGFLTKSRKYTFFSPKFIFYATYLSEKIGYWRYITIYRHLEQHPEHRIYPIFKFFENWCQDENRHGDFFAALLKSQPHFLNDWKAKMWCRFFLLSVFATMYLNDFQRIDFYNAIGLDSRQYDMQVIRKTNESAARVFPVALDVDNPKFFKYLDTCACDNRALIDIDKKNFPLLIKAIIKMPLYYSLIISLLKIYLIKPIDSKIVWNTVR,349,0.0888,31,,,
MMKRIPAILVLEDGTYYKGWSFKQRKSAITIGEVVFNTGMTGYQEIITDPSYFQQIVTFTYPEIGNTGINNQDVESHNISIKGLVAKNICKLSSNWREQESLFKYLSRYDIPFIFGIDTRSLTQYLRQFGTMNGCISNKNLNHSYLKQRISEVPGMKGLDLIPYVTTENMYPWDEKSLPIWYLTDKSRVQPDTQLKVVVIDFGVKLNILRRLATLGCQITVVPAQTSVEDILADKPDGILLSNGPGDPSVVYYGIKTVKNLLDHNVPIFGICMGHQILNLALNAKTFKLKFGHRGINHPSGLEQQVEITSQNHGFAVDLQSVFKSSVQVTHFNLNDTTVAGIGHSQSPYFSVQYHPESSPGPHDADYLFENFVEIMIKSKHNVN,384,0.0677,26,,,
MLKRSSWLATLLGLLTVVSIGTHANAIELDEATRTVPLESSGRTVVLTPEQVKRGKRLFNNSCAICHNGGITKTNPNIGLDPESLGLATPQRDTIEGLVDYMKDPTSYDGAESIAELHPSIKSAEIFPKMRNLTDEDLFTIAGHILLQPKIVSEKWGGGKIYY,163,0.0491,8,,,
MNFTQDLRLLLKSRHPIIVINTREEERLEYIIKNKLHCSDNQQFYCWDFVDGYTSNPNDNGYAKRNPLLALEFIENLNNESLNIFILKDFDSFLNEIVLTRKLRNLAKVIKAQSKHIIIISCKINIPFALRDIVTIIDLPLPSLLEIKKEITRLSKAVSLDLDSELINNMTKSCQGLSIDRIRKIITKIIAQYSQLDSRSLPIIIEEKRQIINQTRLLEFHPYNKVNKDIGGLDILKQWLEKRSRSFSKQSLNYGIPSPKGLLLVGIQGTGKSLTAKAIANDWTLPLLRLDIGKLFGGLVGESESKMREMIDIAEGLSPCILWIDEIDKAFSGLYSQGDSGTSARVFGTFITWLSEKEAPVFVVATANKIQSLPSEMLRKGRFDEIFFLDLPNRKERESIFRIHLSKVRPKSWQEYDIKQLSLLCNKFSGAEIEQAIIESMHTAFSEQREFNTEDIKIAIKQFVPLAFTDKEQVENLQAWAEDGRARNASLA,492,0.0528,26,,,
MGKKVIKVVIKENIQKLGKSNDLVKVAAGYARNFLIPNKMAIVATNGILKQQKFYAAIKEEKFKIAKEDAKKVQLLLEEIQKFSVTKKTGDGQNIFGSVTEKEIAQIIKNATNIDIEKQNIFLPEIKTVGIYNIEIKLLNQVTANVQIQVLPESN,155,0.0581,9,,,
MVNTQNQISQTSELDYIVNQPYKYGFKTSVESEQFPRGINENIVRLISKKKNEPEYLLNFRLKAYKKWEKMSSPSWAHLKHPNIDFNSIIYYAVPKLKKELNSLDEVDPEILDTFNKLGISLNEQKRISNVAVDAVFDSVSIATTFKKELSEAGVIFCSISEAIRDYPNLINKYLGTVVPAGDNYFAALNSAVFSDGSFCYIPPNTVCPLELSTYFRINNEESGQFERTLIIADCGSKVSYLEGCTAPQFDTNQLHAAIVELVALDGAEIKYSTVQNWYAGNQEGKGGIYNFVTKRGLCSGNNSKISWTQVETGSAITWKYPSCILAGHSSQGEFYSVALTNNYQEADTGTKMIHIGNNTKSRIISKGISAGKSKNSYRGLVKIGPQSFNSRNYSQCDSLLIGQSSQANTFPYIQVQNPTSKVEHEASTSKISEDQIFYFLQRGISLEESVALMISGFCKDVFNELPMEFAAEADRLLSLKLEGTVG,487,0.0903,44,,,
MIQTQSYLNIADNSGAKKIMCIRVLGTSNPSYASIGDVIIGVVKDASPNMPVKRSDVVRAVVVRTRKALRRADGMSVRFGDNAAVIINQDNNPRGTRVFGPIARELRDKNFSKIVSLAPEVI,122,0.0328,4,,,
MRLTQGTFSFLPDLTDEQINKQLTYIVSKGLSANVEYTDDPHPRNSYWELWGLPLFDVKDASAVMYEISSCRKAKPNYYVKVNAFDNTRGIESCVMSFIVNRPANEPGFLLQRQDFEGRTMKYSLHSYATEKPEGARY,138,0.1232,17,,,
MTDLPFTLDQLRILKAIAKEGSFKKAANSLYVSQPAISLQIQNLERQLNVSLFERGNKKATLTEAGSLLLRYGGRILALCEETCRALDDLQNLQGGTLIIGASQTTGTYLMPRLIGLFRQRYPQVAVQLQVHSTRLISWSVANGQVDLAIIGGEVPTELQDVLQVTSYAEDELALILPTSHPFSKLEDIQKEDLYRLKFIALDTQSTIRKVIDKVLSQHGIDSSRFKIEMELNSIEAIKNAVQSGLGAAFVSVSAIAKELELGIVHWAQIENVTIKRMLSIIVNPNRYKSKATETFSQEILTLFVTPSQNKILSDKL,317,0.0757,24,,,
MKLAVYGKGGIGKSTTSCNISVALSKRGKKVLQIGCDPKHDSTFTLTGFLIPTIIDTLQSKDYHYEDVWPEDVIYKGYGGVDCVEAGGPPAGAGCGGYVVGETVKLLKELNAFDEYDIILFDVLGDVVCGGFAAPLNYADYCLIITDNGFDALFAANRIAASVREKARTHSLRLAGLVGNRTDKRDLIDKYIDCVPMPVLEVLPLIEDIRVSRVKGKTLFEMSETDKDLAYVCDYYLNIADQLITRPEGVVPKESPDRELFSLLSDFYLNPKSNVGQAVVDQEELDLMIV,290,0.0724,21,,,
SERYESGVIPYAKMGYWDADYVIKETDTLALFRITPQPGVDPIEASAAIAGESSTATWTVVWTDLLTACDLYRAKAYRVDPVPNVADQYFAYIAYDIDLFEEGSIANLTASIIGNVFGFKAVKALRLEDMRMPVAYLKTFQGPATGLIVERERMDKFGRPFLGATVKPKLGLSGKNYGRVVYEGLKGGLDFLKDDENINSQPFMRWRERFLYSMEGVNKASASAGEIKGHYLNVTAATMEDMYERAEFSKDVGSIICMIDLVIGYTAIQSMAIWARKHDMILHLHRAGNSTYSRQKNHGMNFRVICKWMRMAGVDHIHAGTVVGKLEGDPLMIKGFYNTLLESETDINLPQGLFFAQNWASLRKVVPVASGGIHAGQMHQLLDYLDDDVVLQFGGGTIGHPDGIQAGATANRVALESMVMARNEGRNYVAEGPQILRDAAKTCGPLQTALDLWKDISFNYTSTDTADFVETPTANI,476,0.0819,39,,,
MSTKVENILEELKSLNLLEAAELVKQIEETFDVDSSAASGAMMMSVPAASPATSEVEEKTEFDVVLEDVPAPKKISVLKVVRSLTGLGLKEAKDLVESTPKVLKEGASKDDSEAMKKQLEDAGATVVIK,129,0.093,12,,,
STNHKDIGTLYLILGAFSGILGACASILIRMELAQPGNQLLLGNHQIYNVLVTEHAFLMIFFMVMPVLIGGFGNWFVPITIGAPDMAFPRLNNISFWLLPPSLCLLLGSAMVEVGAGTGWTLYPPLSSIQSHSGGAVDLAIFSLHLSGASSILGAINFITTIFNMRNPGQSMYRIPLFVWSILITAFLLLLAVPVLAGAITMLLTDRNFNTTFFDPSGGGDPVLYQHLFWFFGHPEV,237,0.0717,17,,,
MLDAFSRVVVNSDAKAAYVGGSDLQALKKFIADGNKRLDSVNAIVSNASCIVSDAVSGMICENPGLIAPGGNCYTNRRMAACLRDGEIILRYVSYALLAGDPSVLEDRCLNGLKETYIALGVPTNSSVRAVSIMKAAAVAFITNTASQRKMATADGDCSALASEVASYCDRVAAAIS,177,0.0395,7,,,
MLTNSERVKVLSEALPYIQQFSSRIIVIKYGGAAMKNQKLKDQVISDLVFLSFIGLRPILVHGGGPEINLWLDRLKISPQFENGVRVTDQPTMDIVEMVLVGRVNKDLVATINKQGGKSVGLSGKDGLLITPRPSGKANLGFVGEVQNVDTKLLKILINNNYIPVIASVAADKQGQSYNINADTVAGEVAAALNAEKLILLTDTPGILRNSSDPTTLISHLNIQQARDLTQTEVIAGGMIPKVNCCIRSLAQGVASAHILDGRIDHALLLEILTDQGIGSMLVV,284,0.0599,17,,,
MNSTIKENKETIRPVFPFTAIVGQEEMKLALILNVIDPKIGGVMIMGDRGTGKSTTIRAIADLLPKIEVVKDDLFNSHPSNVDLMSDENKKALQDGTNLTTSYMNVPMIDLPLGATEDRVCGTIDIEKALTEGIKTFEPGLLAKANRGILYVDEVNLLDDHLVDILLDSAASGWNTVEREGISVRHPARFVLVGSGNPEEGELRPQLLDRFGMHAEIRTVKDPELRVQIVEQRTNFDQNPKQCIEDCKKNQSDLKQKIKEAQLLLSNITIDYDLRIKISQVCGELDVDGLRGDIVTNRAAKAYAAFNGEQTVKSSDISKVITLCLRHRLRKDPLETMNSGEKVKKVFNRIFEEEEI,356,0.0562,20,,,
